seed,model,target,mae,rel_mae,coverage80,n
201,ridge,propensity,0.019363074246218727,0.09786976083550256,0.753968253968254,2520
201,ridge,arrivals,1.4168567542094088,0.07139690246508704,0.7753968253968254,2520
201,ridge,price_fast,0.3308745861843236,0.050404093146193416,0.7004273504273504,2340
201,ridge,price_slow,0.21102639247572944,0.04117201900077698,0.8611111111111112,2340
201,ridge,cap_fast,8.45625971936216,0.0827487910174641,0.7927350427350427,2340
201,ridge,cap_slow,28.1829729560143,0.17332872649260675,0.8235042735042735,2340
201,gbm,propensity,0.017591330232501833,0.08891456288091805,0.776984126984127,2520
201,gbm,arrivals,1.6790240420918847,0.08460778791760121,0.7400793650793651,2520
201,gbm,price_fast,0.30770181039892464,0.046874046421805725,0.8051282051282052,2340
201,gbm,price_slow,0.21283031692006246,0.041523971240621044,0.8427350427350427,2340
201,gbm,cap_fast,10.71871851529818,0.10488809802832476,0.708974358974359,2340
201,gbm,cap_slow,31.935032413538345,0.1964043505054524,0.7538461538461538,2340
201,tabpfn,propensity,0.014777874324391099,0.07469408046440298,0.8083333333333333,2520
201,tabpfn,arrivals,1.467128675091403,0.07393015744748438,0.7575396825396825,2520
201,tabpfn,price_fast,0.3223299224049494,0.04910243370475612,0.7705128205128206,2340
201,tabpfn,price_slow,0.21292305694678718,0.041542065158152626,0.85,2340
201,tabpfn,cap_fast,8.777296177384688,0.0858902956135288,0.7111111111111111,2340
201,tabpfn,cap_slow,29.40976073994661,0.18087362122736528,0.7636752136752136,2340
202,ridge,propensity,0.01799575476446517,0.09022366257540265,0.7690476190476191,2520
202,ridge,arrivals,1.340867571432534,0.06693120864906774,0.7690476190476191,2520
202,ridge,price_fast,0.3981611118976075,0.061517257953458755,0.717948717948718,2340
202,ridge,price_slow,0.19187397937346423,0.038047092574073994,0.7743589743589744,2340
202,ridge,cap_fast,7.1238912209326495,0.06720828291254748,0.7598290598290598,2340
202,ridge,cap_slow,38.18305791208835,0.23904235675031696,0.8273504273504273,2340
202,gbm,propensity,0.017128936661329645,0.0858777762774864,0.8337301587301588,2520
202,gbm,arrivals,1.5503078138092314,0.0773857000997407,0.8035714285714286,2520
202,gbm,price_fast,0.3918883288106942,0.060548091443438125,0.7927350427350427,2340
202,gbm,price_slow,0.2396694825792856,0.04752456284406219,0.7747863247863248,2340
202,gbm,cap_fast,5.7449447861315095,0.05419901322591256,0.8111111111111111,2340
202,gbm,cap_slow,37.50244117545137,0.23478140339388326,0.7991452991452992,2340
202,tabpfn,propensity,0.015682282863168005,0.07862482101903327,0.8126984126984127,2520
202,tabpfn,arrivals,1.3721830959244752,0.06849436518173399,0.7753968253968254,2520
202,tabpfn,price_fast,0.3901414533420459,0.06027819318967536,0.7794871794871795,2340
202,tabpfn,price_slow,0.229014011817358,0.0454116672663335,0.7478632478632479,2340
202,tabpfn,cap_fast,4.494429309306169,0.04240138811534923,0.8401709401709402,2340
202,tabpfn,cap_slow,35.07170467155303,0.21956394794888784,0.7534188034188034,2340
203,ridge,propensity,0.020675389807269542,0.1060660659553778,0.7583333333333333,2520
203,ridge,arrivals,1.4068941530398622,0.06847229211991583,0.7642857142857142,2520
203,ridge,price_fast,0.3265442740325336,0.05092438637690924,0.805982905982906,2340
203,ridge,price_slow,0.2218718914845978,0.04405773625515928,0.7495726495726496,2340
203,ridge,cap_fast,11.716295842367026,0.11539518013670458,0.7760683760683761,2340
203,ridge,cap_slow,27.99334713350849,0.16581543140528485,0.9094017094017094,2340
203,gbm,propensity,0.02017035476292549,0.10347520402617061,0.7980158730158731,2520
203,gbm,arrivals,1.6559034001228667,0.08059135158859548,0.7722222222222223,2520
203,gbm,price_fast,0.3975717211296024,0.06200107473732509,0.7790598290598291,2340
203,gbm,price_slow,0.2689396288514508,0.053404111522257366,0.7311965811965812,2340
203,gbm,cap_fast,10.69950708717791,0.1053807077177221,0.8162393162393162,2340
203,gbm,cap_slow,20.555131641291176,0.12175600168274472,0.9547008547008548,2340
203,tabpfn,propensity,0.01913204154393181,0.0981485911112643,0.7892857142857143,2520
203,tabpfn,arrivals,1.472562841299038,0.07166832900435269,0.7880952380952381,2520
203,tabpfn,price_fast,0.35141176511925265,0.05480245690218894,0.8132478632478632,2340
203,tabpfn,price_slow,0.25012482412998344,0.04966800192061241,0.7102564102564103,2340
203,tabpfn,cap_fast,8.71388261700871,0.08582405803067115,0.8653846153846154,2340
203,tabpfn,cap_slow,20.4572972361324,0.12117649062891069,0.9021367521367522,2340
204,ridge,propensity,0.026430936263902628,0.12717824382946305,0.6738095238095239,2520
204,ridge,arrivals,1.7731628130605896,0.08643951181166877,0.7277777777777777,2520
204,ridge,price_fast,0.34022425681698193,0.05081375094687193,0.6521367521367522,2340
204,ridge,price_slow,0.21379865932398043,0.04078494426005523,0.7756410256410257,2340
204,ridge,cap_fast,10.921994318035171,0.10311784012005215,0.8824786324786325,2340
204,ridge,cap_slow,33.92923760947062,0.21908036210899268,0.7042735042735043,2340
204,gbm,propensity,0.022476768103024763,0.10815189691970088,0.7404761904761905,2520
204,gbm,arrivals,1.7783285118258543,0.08669133328917027,0.7388888888888889,2520
204,gbm,price_fast,0.334755598523486,0.049996986606965596,0.7585470085470085,2340
204,gbm,price_slow,0.22757855128133317,0.043413642340610396,0.7448717948717949,2340
204,gbm,cap_fast,6.651631560147348,0.0628000582846081,0.8760683760683761,2340
204,gbm,cap_slow,31.312084732844525,0.2021814619183856,0.8247863247863247,2340
204,tabpfn,propensity,0.020467220837174324,0.09848251973187129,0.7527777777777778,2520
204,tabpfn,arrivals,1.6853326841088443,0.08215790077571403,0.7150793650793651,2520
204,tabpfn,price_fast,0.3259464856293405,0.0486813130190392,0.7102564102564103,2340
204,tabpfn,price_slow,0.22330937090758055,0.042599239274986996,0.7444444444444445,2340
204,tabpfn,cap_fast,5.754883654701802,0.0543335910397908,0.8175213675213675,2340
204,tabpfn,cap_slow,30.73531552761681,0.19845727548693645,0.7555555555555555,2340
205,ridge,propensity,0.022688058229268778,0.11783898370978595,0.7452380952380953,2520
205,ridge,arrivals,1.4676749265950548,0.07317746945268454,0.828968253968254,2520
205,ridge,price_fast,0.3094416381230667,0.04675538647386348,0.8282051282051283,2340
205,ridge,price_slow,0.21001956098255173,0.041176678263057834,0.8042735042735043,2340
205,ridge,cap_fast,20.242734578050033,0.22280894589681174,0.6427350427350428,2340
205,ridge,cap_slow,31.173243652463494,0.19589698937505218,0.8243589743589743,2340
205,gbm,propensity,0.02226852595592332,0.11565998468638304,0.7988095238095239,2520
205,gbm,arrivals,1.6668995466297503,0.08311070009023022,0.7710317460317461,2520
205,gbm,price_fast,0.3679298252239325,0.05559271621605234,0.7696581196581197,2340
205,gbm,price_slow,0.22428896428603382,0.04397435399423466,0.7645299145299145,2340
205,gbm,cap_fast,19.04898636527459,0.20966952642118866,0.6495726495726496,2340
205,gbm,cap_slow,25.63586133685191,0.16109931041868727,0.8576923076923076,2340
205,tabpfn,propensity,0.021379298448742985,0.11104144639306457,0.7773809523809524,2520
205,tabpfn,arrivals,1.481923827814901,0.0738879118775399,0.7968253968253968,2520
205,tabpfn,price_fast,0.34414726500953424,0.05199926705741039,0.8072649572649573,2340
205,tabpfn,price_slow,0.21191233544156085,0.04154777781473068,0.7474358974358974,2340
205,tabpfn,cap_fast,18.194837086695106,0.2002680248767689,0.6837606837606838,2340
205,tabpfn,cap_slow,26.599456495043885,0.16715467612174487,0.8547008547008547,2340
