seed,model,profit,final_customers,lost_frac,stockout_days,mean_inventory,disposal,fast_share,customer_days,final_inventory,final_pipeline,fallbacks,withheld_frac_mean,withheld_frac_max,withheld_first_day_max,material_withholding_days,solve_seconds,max_lp_residual,n_event_days,lost_frac_event_day,profit_event_day,n_disrupted_days,lost_frac_disrupted_day,profit_disrupted_day,fit_seconds,predict_seconds,forecast_cached,n_refits,mean_train_rows,control_loop_seconds
201,gbm,153760.00112357383,773.5079528630467,0.029176389309517523,26,91.01396577245849,21.1151936659179,0.19056310454906383,174816.35287583852,0.0,245.58169414298627,0,0.023290585727236524,0.13269975339061818,0.0,93,5.229180246358737,3.523788084841499e-12,16,0.07237129804972034,18495.01166284182,24,0.1402528599126067,15131.224918735827,197.78847225476056,2.042887867661193,True,39,2000.0,5.803939125034958
201,oracle,157035.5622934298,783.1774107782437,0.02485554654139336,21,47.205595793396554,0.0,0.19410763210836263,176442.7800776295,0.0,245.58169414298627,0,0.01654079530687308,0.17476254828240698,0.0,52,0.14975600480102003,1.1297629498585593e-12,16,0.051527802371430016,20095.65766975753,24,0.14285210998716674,15685.11180823838,0.0,0.0,False,0,0.0,0.6660232080612332
201,ridge,151109.11137149238,767.6358851754162,0.03554651439743547,31,89.63451469232291,17.230636674945288,0.18644161144061286,172068.08279778223,0.0,245.58169414298627,0,0.020492091964249746,0.09220715360557798,0.0,107,5.09617333416827,9.549694368615746e-12,16,0.058134256063838,18761.751760821942,24,0.14679767560932294,14995.674985387535,0.224781580734998,0.026350124971941113,True,39,2000.0,5.6675129579380155
201,tabpfn,154108.85940522572,780.6380901519525,0.02822798282687038,28,91.92808157254997,0.0,0.1990740223619027,174931.9383537675,0.0,245.58169414298627,0,0.023621666985083382,0.10803356219503657,0.0,102,5.212386507540941,8.726265430883364e-12,16,0.062154618738973946,19555.899721500937,24,0.13782539318709483,15373.634861224962,277.3101669510361,1478.1981668355875,True,39,2000.0,5.785242083016783
202,gbm,163644.03806028006,958.2880683702574,0.003879556931570917,9,105.07757126348723,74.7121733158254,0.19655378378822674,180995.23798096398,158.48564864470188,574.326195700083,0,0.020842309486961304,0.0835428458384711,0.0,128,5.416162167210132,3.648486502762535e-12,20,0.011018670279640059,16892.129367721125,23,0.0130432487133351,14327.193630166206,235.91455386695452,2.2948479102924466,True,39,2000.0,5.9912473750300705
202,oracle,168042.88719661516,972.3653249147073,0.0001319375581145036,2,48.72767538072796,2.2737367544323206e-13,0.19131323127550998,182313.29023988394,113.18865349405837,672.6857456541588,0,0.0001144833156150402,0.009733863846858946,0.0,0,0.1508940882049501,2.2737367544323206e-12,20,7.228748855837868e-18,19952.156783793922,23,1.4346347354097608e-16,18277.628121970556,0.0,0.0,False,0,0.0,0.6726637920364738
202,ridge,163780.44134760604,964.9627675568751,0.0052236283880988015,12,93.69144658819746,12.166621757736948,0.19035818086131423,179951.85332229198,131.42892126893017,545.8768284345372,0,0.017537694129881414,0.061234890649545896,0.0,122,5.36480416264385,1.1135405223393065e-11,20,0.013738204737905196,15745.606112819365,23,0.0028519892814265163,14432.06584228735,0.23607404786162078,0.033040949841961265,True,39,2000.0,5.94819441717118
202,tabpfn,164226.41555542164,962.6615277272335,0.003080444682061664,5,98.05498220716504,33.449879038282745,0.19823271128647144,181205.9881144749,181.2554372071702,563.4362905670419,0,0.018959626336805535,0.07643506655944134,0.0,116,5.3069909531623125,8.493106970652758e-12,20,0.01036650648857735,17693.797153432482,23,0.0,14903.19531068551,266.11513728741556,1381.705738834804,True,39,2000.0,5.8781921251211315
203,gbm,155115.34482616858,982.1158252119013,0.017952429250051916,21,105.86256970278798,95.34668754731922,0.17646736841188193,175690.28774361327,82.78301653237929,493.6486316733607,0,0.036205445892738844,0.20216757991420126,0.0,142,5.467226041480899,5.058382474633168e-12,9,0.02167345860032492,9521.124027249149,36,0.04034008739385258,30028.079073326557,179.05886128777638,1.7131698753219098,True,39,2000.0,6.056159084197134
203,oracle,159760.80682963124,996.8295030188923,0.01153407233040663,12,46.932618428676115,0.0,0.17908020565539248,178160.41591361162,109.12152951098034,555.037425255534,0,0.007184353558574471,0.07685065114739809,0.0,37,0.14859692147001624,2.984279490192421e-13,9,1.526914655269847e-17,10355.004693280858,36,0.039981342487674744,32315.315968502906,0.0,0.0,False,0,0.0,0.6639220421202481
203,ridge,153166.80114689557,967.5443808939796,0.02528662641851787,27,91.28757572869625,26.907007983205403,0.1570498123730157,172864.61848654062,94.73383850489125,475.8823741052031,0,0.03206466285394568,0.19417243540365148,0.0,106,5.214008421404287,3.679031257803362e-12,9,0.07083404175312794,8276.708827258615,36,0.03699082695752309,29948.059021289955,0.28518612147308886,0.025290748104453087,True,39,2000.0,5.793949875049293
203,tabpfn,156511.69646741333,988.4264540877609,0.016355427179003117,16,101.68494654205301,4.288818522922895,0.1757363723172792,176168.86211198085,69.58669615249002,510.6578577959215,0,0.032373815095041746,0.23247761660776556,0.0,98,5.242341788718477,6.093065652828143e-12,9,0.0,10238.75254044166,36,0.04028752755064305,30611.16668423579,259.3265748361591,1478.8734869982582,True,39,2000.0,5.815824291901663
204,gbm,151384.08118266452,982.5807222532761,0.016819484936313512,19,106.8183805536832,121.08977307643568,0.24762930144997514,175270.09841185345,70.95330038364884,606.0415866709964,0,0.030915400906192915,0.13495022973167742,0.0,138,5.544961332110688,7.987219856272873e-12,21,0.05034695429409259,25208.783924708085,40,0.054167820847172046,20899.696116885836,159.07433070708066,1.504595170263201,True,39,2000.0,6.132125417003408
204,oracle,156837.18247113226,996.5342220361521,0.010529765317398878,11,44.84160999021053,5.684341886080802e-14,0.25541812114044127,177874.80133523993,13.612490329628343,605.5103502231594,0,0.007779462206655474,0.11983282114140854,0.0,18,0.1468934160657227,1.1368683772161603e-12,21,0.03153985248496091,26662.396202680055,40,0.051124510077075816,23678.794834805536,0.0,0.0,False,0,0.0,0.6619175411760807
204,ridge,148856.97075647884,963.8134847924101,0.02623788389701246,32,98.40638826251558,15.183279876624056,0.22705268033264112,171442.9186406288,101.85601752786312,546.0670680256698,0,0.024259671888619903,0.0851151200058186,0.0,142,5.192183209815994,4.8760212802118905e-12,21,0.0690747278244134,23749.628893469904,40,0.059525453580965164,19005.209977074785,0.24094929709099233,0.045108579797670245,True,39,2000.0,5.768839166965336
204,tabpfn,151586.2443013845,969.9602677915673,0.018665001998897025,25,98.69479973794272,76.3185705881823,0.24763019817256707,174921.78384498152,131.50804944603442,554.1589480696837,0,0.026887739673180613,0.10156997612318608,0.0,136,5.22231653588824,3.28273815601293e-12,21,0.047428023378454046,25868.944056672444,40,0.06429189719984064,20474.292816044304,258.388543962501,1514.6110988319851,True,39,2000.0,5.788193249842152
205,gbm,130199.4156244185,864.177418403495,0.05694400497806594,34,109.92598304108124,256.24560915778386,0.18685016559490045,160717.55381285312,37.9673156402728,597.8729736000607,0,0.05156112863980612,0.23369826663693746,0.0,133,5.1456006683874875,6.539236566303878e-12,24,0.07640468266506716,17188.348904208273,71,0.12258311717644652,50582.555499661554,145.0736907084938,1.3423171653412282,True,39,2000.0,5.715851417044178
205,oracle,136460.4601213914,892.1800588272184,0.051391553205990675,25,48.26831484849468,0.0,0.1709398228865311,161707.48641859845,0.34657046689363824,525.0672669969907,0,0.030109736724935478,0.3253669502133115,0.0,45,0.15137663227505982,5.258016244624741e-13,24,0.059749223510931426,21273.031106386792,71,0.10977407673937285,51699.94393402879,0.0,0.0,False,0,0.0,0.6714050830341876
205,ridge,131158.64097789,874.3312184327348,0.057826554179175,34,102.76564414640376,15.907496444921719,0.18459082085449988,159928.82166383218,101.53524401995071,564.5272162556558,0,0.030904979961807546,0.1285758549436042,0.0,127,5.061684909509495,7.223111655326535e-12,24,0.06372305550845254,18019.920076663722,71,0.12668820687076499,48871.86017184284,0.2281871628947556,0.031051624100655317,True,39,2000.0,5.643051707884297
205,tabpfn,131666.35203937476,876.8578380711862,0.054129602253991216,33,105.48048816248507,73.49683805813669,0.19072378252702213,161282.3834433817,129.24694612735954,594.6492064299721,0,0.0468937903844812,0.22988092236455648,0.0,114,4.9916838246863335,5.438027186878879e-12,24,0.06305665995723479,17836.61355233274,71,0.11476499045375345,50505.968489531784,281.08748813183047,1438.7527940373402,True,39,2000.0,5.557092540897429
